actual,predicted
22936,24995.2744665195
21952,126468.83947583947
23212,35837.81650135257
24728,35837.81650135257
31026,23303.006666666668
21930,35837.81650135257
25087,35837.81650135257
26956,23303.006666666668
22799,100113.71875
23485,35837.81650135257
20927,126468.83947583947
30232,23303.006666666668
24273,126468.83947583947
20084,23303.006666666668
23703,35837.81650135257
24077,126468.83947583947
28825,35837.81650135257
24254,100113.71875
23507,126468.83947583947
22018,23303.006666666668
21467,35837.81650135257
387399,121757.75714285714
24192,35837.81650135257
21426,23303.006666666668
20276,23303.006666666668
20320,23303.006666666668
31017,126468.83947583947
23830,126468.83947583947
26969,100113.71875
21133,24995.2744665195
22262,126468.83947583947
22253,24995.2744665195
14144,126468.83947583947
22123,35837.81650135257
20917,23303.006666666668
24209,24995.2744665195
24415,24995.2744665195
22701,24995.2744665195
29548,35837.81650135257
27182,23303.006666666668
23932,24995.2744665195
25234,126468.83947583947
19233,23303.006666666668
29362,24995.2744665195
28348,126468.83947583947
24669,126468.83947583947
25147,23303.006666666668
24470,100113.71875
24104,24995.2744665195
25296,24995.2744665195
21775,100113.71875
24613,126468.83947583947
23874,35837.81650135257
22278,24995.2744665195
25125,23303.006666666668
16936,946491.4666666667
2377564,1660703.125
20402,1310669.6666666667
24679,24995.2744665195
22605,100113.71875
2381390,1660703.125
19831,23303.006666666668
23803,23303.006666666668
23049,44336.515625
27577,23303.006666666668
22682,35837.81650135257
22658,35837.81650135257
25405,24995.2744665195
25176,24995.2744665195
21959,35837.81650135257
24630,126468.83947583947
25643,23303.006666666668
28639,126468.83947583947
23486,100113.71875
20819,23303.006666666668
25037,126468.83947583947
29135,126468.83947583947
23025,24995.2744665195
22676,44336.515625
21084,23303.006666666668
23075,35837.81650135257
15049,126468.83947583947
22509,35837.81650135257
28810,24995.2744665195
23953,23303.006666666668
30652,126468.83947583947
1856502,126468.83947583947
22578,126468.83947583947
21026,126468.83947583947
24937,126468.83947583947
25007,100113.71875
34548,24995.2744665195
28590,126468.83947583947
23555,35837.81650135257
29176,29635.16417910448
21918,126468.83947583947
28440,23303.006666666668
24580,23303.006666666668
32770,1196527.8181818181
32793,100113.71875
30586,35837.81650135257
20642,126468.83947583947
20257,24995.2744665195
27313,32466.083333333332
29793,25274.01818181818
27848,126468.83947583947
24023,35837.81650135257
24678,35837.81650135257
2072543,1676235.0967741935
24654,24995.2744665195
30234,23303.006666666668
21311,23303.006666666668
24980,35837.81650135257
23018,24995.2744665195
23078,24995.2744665195
27905,35837.81650135257
20561,23303.006666666668
29664,35837.81650135257
23766,35837.81650135257
21884,23303.006666666668
19551,23303.006666666668
24402,25012.125
20303,23303.006666666668
21186,126468.83947583947
26473,35837.81650135257
21865,35837.81650135257
19170,23303.006666666668
25767,1310669.6666666667
24865,23303.006666666668
22655,35837.81650135257
24217,126468.83947583947
22976,24995.2744665195
22113,126468.83947583947
30288,23303.006666666668
17570,23303.006666666668
25436,23303.006666666668
22593,126468.83947583947
22264,126468.83947583947
21381,24995.2744665195
27500,126468.83947583947
24227,126468.83947583947
21660,23303.006666666668
23653,126468.83947583947
21368,23303.006666666668
27683,126468.83947583947
24852,126468.83947583947
28805,126468.83947583947
21012,23303.006666666668
22876,35837.81650135257
24233,126468.83947583947
16453,23303.006666666668
46381,35837.81650135257
26371,23303.006666666668
22135,23303.006666666668
26971,24995.2744665195
28733,126468.83947583947
23442,23303.006666666668
30308,35837.81650135257
1219064,126468.83947583947
25871,23303.006666666668
22295,24995.2744665195
26714,35837.81650135257
21640,100113.71875
24408,24995.2744665195
22597,23303.006666666668
22761,35837.81650135257
19777,23303.006666666668
23582,35837.81650135257
20395,23303.006666666668
28137,126468.83947583947
25204,24995.2744665195
19850,35837.81650135257
21274,126468.83947583947
29253,35837.81650135257
28112,126468.83947583947
18509,30937.164705882355
1177545,126468.83947583947
21865,35837.81650135257
23642,23303.006666666668
25100,126468.83947583947
938017,126468.83947583947
20841,35837.81650135257
34818,126468.83947583947
22487,126468.83947583947
32037,30937.164705882355
27360,24995.2744665195
25962,100113.71875
20362,23303.006666666668
23574,24995.2744665195
23353,24995.2744665195
21295,126468.83947583947
23998,35837.81650135257
24444,24995.2744665195
20636,23303.006666666668
19624,23303.006666666668
22211,35837.81650135257
20377,35837.81650135257
23937,24995.2744665195
21067,23303.006666666668
20669,23303.006666666668
21834,35837.81650135257
22978,126468.83947583947
30987,23303.006666666668
24087,24995.2744665195
19032,24995.2744665195
22750,24995.2744665195
24011,100113.71875
23009,126468.83947583947
23897,30937.164705882355
22900,35837.81650135257
20377,23303.006666666668
22420,126468.83947583947
24695,126468.83947583947
29895,126468.83947583947
21943,23303.006666666668
19970,126468.83947583947
20876,126468.83947583947
23240,24995.2744665195
18870,35837.81650135257
28918,126468.83947583947
29863,35837.81650135257
23303,35837.81650135257
23176,24995.2744665195
22691,126468.83947583947
29559,35837.81650135257
22050,126468.83947583947
20761,35837.81650135257
24432,24995.2744665195
18380,35837.81650135257
28847,126468.83947583947
21855,23303.006666666668
32897,126468.83947583947
20572,23303.006666666668
22669,23303.006666666668
30665,23303.006666666668
20660,23303.006666666668
18499,126468.83947583947
32494,121757.75714285714
31527,126468.83947583947
19578,35837.81650135257
28099,35837.81650135257
21444,23303.006666666668
24491,24995.2744665195
21547,35837.81650135257
23282,24995.2744665195
22769,126468.83947583947
22426,126468.83947583947
25220,23303.006666666668
30366,35837.81650135257
22997,24995.2744665195
21609,35837.81650135257
2950760,3041316.5714285714
21328,126468.83947583947
37915,35837.81650135257
25710,35837.81650135257
24166,24995.2744665195
36403,126468.83947583947
24975,126468.83947583947
21995,35837.81650135257
22977,126468.83947583947
23037,35837.81650135257
2443475,126468.83947583947
20850,126468.83947583947
23993,126468.83947583947
19158,1196527.8181818181
18287,35837.81650135257
20283,126468.83947583947
22109,126468.83947583947
21238,35837.81650135257
19327,126468.83947583947
14966,126468.83947583947
21473,23303.006666666668
26200,23303.006666666668
30981,100113.71875
20348,23303.006666666668
22994,126468.83947583947
20656,23303.006666666668
22955,24995.2744665195
22375,126468.83947583947
21714,35837.81650135257
17867,23303.006666666668
23136,126468.83947583947
21609,24995.2744665195
21762,23303.006666666668
25091,23303.006666666668
24435,126468.83947583947
22017,23303.006666666668
22035,23303.006666666668
24306,35837.81650135257
30155,126468.83947583947
20879,23303.006666666668
24269,35837.81650135257
23431,24995.2744665195
25293,24995.2744665195
29877,24995.2744665195
25543,24995.2744665195
17814,1196527.8181818181
30301,126468.83947583947
20493,35837.81650135257
22248,126468.83947583947
25981,24995.2744665195
29468,126468.83947583947
17337,121757.75714285714
22029,22078.157894736843
23397,23303.006666666668
23199,23303.006666666668
20782,35837.81650135257
30462,23303.006666666668
21209,23303.006666666668
29702,24995.2744665195
16485,24995.2744665195
29243,100113.71875
22727,24995.2744665195
35006,126468.83947583947
23862,35837.81650135257
23111,35837.81650135257
18801,23303.006666666668
24169,35837.81650135257
44085,126468.83947583947
23199,126468.83947583947
23977,24995.2744665195
26392,24995.2744665195
28981,35837.81650135257
29736,24995.2744665195
20805,23303.006666666668
22016,24995.2744665195
26542,35837.81650135257
18748,126468.83947583947
22005,23303.006666666668
25126,24995.2744665195
24307,35837.81650135257
22930,23303.006666666668
24250,25012.125
24149,126468.83947583947
21519,23303.006666666668
41319,121757.75714285714
24153,24995.2744665195
23302,23303.006666666668
23710,126468.83947583947
27010,35837.81650135257
27466,35837.81650135257
23032,23303.006666666668
20978,23303.006666666668
25107,35837.81650135257
23600,24995.2744665195
25092,24995.2744665195
28961,35837.81650135257
43964,24995.2744665195
20903,126468.83947583947
22317,35837.81650135257
21057,35837.81650135257
13335,23303.006666666668
21270,23303.006666666668
21478,35837.81650135257
32670,25274.01818181818
30000,35837.81650135257
29502,24995.2744665195
24083,23303.006666666668
22335,35837.81650135257
41486,126468.83947583947
23056,126468.83947583947
21070,23303.006666666668
21368,23303.006666666668
21564,126468.83947583947
18220,126468.83947583947
20265,23303.006666666668
35084,23303.006666666668
23931,35837.81650135257
17388,126468.83947583947
23668,35837.81650135257
30868,24995.2744665195
19830,23303.006666666668
21619,35837.81650135257
19638,24995.2744665195
17970,126468.83947583947
22737,23303.006666666668
29988,126468.83947583947
23920,24995.2744665195
21966,126468.83947583947
19324,23303.006666666668
1415420,1196527.8181818181
21978,24995.2744665195
30415,24995.2744665195
17651,126468.83947583947
26279,23303.006666666668
23379,35837.81650135257
29085,35837.81650135257
19742,35837.81650135257
20650,35837.81650135257
24686,126468.83947583947
24350,126468.83947583947
30056,35837.81650135257
21361,23303.006666666668
23772,35837.81650135257
18281,35837.81650135257
22301,126468.83947583947
24332,35837.81650135257
25713,126468.83947583947
22468,24995.2744665195
25472,35837.81650135257
25366,35837.81650135257
21884,35837.81650135257
25183,35837.81650135257
22949,35837.81650135257
23870,35837.81650135257
30790,29635.16417910448
21615,126468.83947583947
29980,35837.81650135257
24521,35837.81650135257
23471,23303.006666666668
22191,126468.83947583947
21256,121757.75714285714
26230,23303.006666666668
22590,126468.83947583947
22306,23303.006666666668
23319,24995.2744665195
25066,23303.006666666668
20667,23303.006666666668
25474,35837.81650135257
23164,126468.83947583947
20998,23303.006666666668
39839,126468.83947583947
15085,126468.83947583947
24399,35837.81650135257
22193,35837.81650135257
23723,23303.006666666668
30015,126468.83947583947
23642,35837.81650135257
20251,24995.2744665195
22470,35837.81650135257
22114,23303.006666666668
18143,23303.006666666668
21896,35837.81650135257
21152,35837.81650135257
22328,126468.83947583947
33937,24995.2744665195
28269,35837.81650135257
1484474,126468.83947583947
17899,23303.006666666668
30867,24995.2744665195
23294,24995.2744665195
22432,126468.83947583947
22995,35837.81650135257
22244,126468.83947583947
25729,23303.006666666668
74026,25274.01818181818
21588,35837.81650135257
26057,126468.83947583947
25200,126468.83947583947
41352,35837.81650135257
21964,23303.006666666668
22939,23303.006666666668
33661,126468.83947583947
19535,23303.006666666668
31168,23303.006666666668
23969,126468.83947583947
21398,126468.83947583947
24884,35837.81650135257
22077,23303.006666666668
24465,24995.2744665195
23732,24995.2744665195
24297,35837.81650135257
24331,24995.2744665195
24874,23303.006666666668
25569,35837.81650135257
23234,35837.81650135257
19794,23303.006666666668
29991,35837.81650135257
29830,35837.81650135257
23180,35837.81650135257
14128,126468.83947583947
21266,35837.81650135257
21516,24995.2744665195
21517,23303.006666666668
22132,35837.81650135257
21407,23303.006666666668
47753,23303.006666666668
25478,126468.83947583947
21040,35837.81650135257
24293,35837.81650135257
24717,126468.83947583947
27858,126468.83947583947
22275,24995.2744665195
26595,126468.83947583947
28946,24995.2744665195
22500,35837.81650135257
22392,946491.4666666667
26170,35837.81650135257
21892,100113.71875
22755,24995.2744665195
24173,126468.83947583947
22441,35837.81650135257
32749,126468.83947583947
25490,23303.006666666668
20776,35837.81650135257
841565,126468.83947583947
30753,35837.81650135257
23338,126468.83947583947
23046,126468.83947583947
20563,23303.006666666668
21778,23303.006666666668
21991,23303.006666666668
22871,126468.83947583947
27166,126468.83947583947
21556,23303.006666666668
22763,35837.81650135257
21734,23303.006666666668
22023,23303.006666666668
26782,35837.81650135257
22465,23303.006666666668
25241,23303.006666666668
26464,23303.006666666668
17303,126468.83947583947
21705,23303.006666666668
24670,24995.2744665195
21740,35837.81650135257
1084466,946491.4666666667
30785,30937.164705882355
21132,100113.71875
22844,126468.83947583947
17291,126468.83947583947
25123,126468.83947583947
30003,126468.83947583947
23162,24995.2744665195
24215,35837.81650135257
20327,35837.81650135257
21856,100113.71875
23909,25012.125
1089155,946491.4666666667
31266,25012.125
22265,35837.81650135257
23856,24995.2744665195
21431,35837.81650135257
21480,35837.81650135257
20811,23303.006666666668
22764,24995.2744665195
28213,126468.83947583947
18456,126468.83947583947
33363,126468.83947583947
24671,35837.81650135257
22584,23303.006666666668
24400,35837.81650135257
23402,24995.2744665195
21680,126468.83947583947
21342,23303.006666666668
19331,23303.006666666668
21467,24995.2744665195
26718,24995.2744665195
21878,35837.81650135257
21934,126468.83947583947
23010,25274.01818181818
23148,126468.83947583947
26505,24995.2744665195
2048175,126468.83947583947
24959,23303.006666666668
25199,126468.83947583947
22463,35837.81650135257
23259,24995.2744665195
28880,24995.2744665195
23277,24995.2744665195
22631,35837.81650135257
22532,23303.006666666668
23817,24995.2744665195
22996,25274.01818181818
24293,24995.2744665195
21488,126468.83947583947
21282,126468.83947583947
24976,24995.2744665195
17337,35837.81650135257
732022,1310669.6666666667
26672,126468.83947583947
20381,23303.006666666668
29686,126468.83947583947
30571,35837.81650135257
25419,35837.81650135257
38032,126468.83947583947
13206,23303.006666666668
21065,23303.006666666668
21540,126468.83947583947
24912,35837.81650135257
23689,35837.81650135257
22131,23303.006666666668
26790,126468.83947583947
24563,126468.83947583947
20346,23303.006666666668
22769,24995.2744665195
23082,126468.83947583947
25428,35837.81650135257
22009,126468.83947583947
25343,126468.83947583947
17433,23303.006666666668
22249,23303.006666666668
23478,126468.83947583947
22641,35837.81650135257
1421069,1196527.8181818181
24002,24995.2744665195
26598,24995.2744665195
22264,24995.2744665195
21534,23303.006666666668
21367,35837.81650135257
17114,21862.214285714286
24802,100113.71875
22818,35837.81650135257
20596,35837.81650135257
23826,35837.81650135257
24264,24995.2744665195
29823,29635.16417910448
22588,24995.2744665195
21817,23303.006666666668
24131,24995.2744665195
23319,35837.81650135257
28706,126468.83947583947
24128,35837.81650135257
24173,24995.2744665195
1135520,1134545.8
2014176,1310669.6666666667
22772,23303.006666666668
22111,24995.2744665195
25683,23303.006666666668
30160,126468.83947583947
23019,23303.006666666668
23282,24995.2744665195
24229,126468.83947583947
23829,35837.81650135257
24290,35837.81650135257
23746,35837.81650135257
20059,23303.006666666668
24039,23303.006666666668
31173,29635.16417910448
30397,24995.2744665195
22526,23303.006666666668
23988,44336.515625
29330,35837.81650135257
34983,35837.81650135257
22397,126468.83947583947
24249,35837.81650135257
23528,30937.164705882355
31958,44336.515625
1580204,1660703.125
21525,35837.81650135257
21795,100113.71875
25178,24995.2744665195
23332,23303.006666666668
21511,23303.006666666668
18692,24995.2744665195
29680,126468.83947583947
30093,100113.71875
20722,126468.83947583947
24197,100113.71875
24651,126468.83947583947
20854,23303.006666666668
21894,24995.2744665195
23895,946491.4666666667
30983,35837.81650135257
17435,126468.83947583947
25020,24995.2744665195
24314,24995.2744665195
30798,35837.81650135257
21329,126468.83947583947
21603,126468.83947583947
23874,35837.81650135257
24022,35837.81650135257
23194,126468.83947583947
29391,126468.83947583947
23867,126468.83947583947
24863,23303.006666666668
23035,126468.83947583947
20904,23303.006666666668
22241,126468.83947583947
21501,126468.83947583947
2009630,126468.83947583947
13259,23303.006666666668
24651,24995.2744665195
34356,126468.83947583947
23487,35837.81650135257
29168,35837.81650135257
24317,126468.83947583947
30625,35837.81650135257
45875,25012.125
21895,23303.006666666668
24841,126468.83947583947
25576,24995.2744665195
22606,23303.006666666668
18664,35837.81650135257
1409984,1196527.8181818181
31937,23303.006666666668
19888,23303.006666666668
20732,121757.75714285714
22414,24995.2744665195
24162,23303.006666666668
30081,35837.81650135257
24156,35837.81650135257
22943,126468.83947583947
19867,24995.2744665195
24109,35837.81650135257
29294,25012.125
26618,23303.006666666668
25018,23303.006666666668
22417,126468.83947583947
23364,23303.006666666668
24254,35837.81650135257
22118,24995.2744665195
24444,35837.81650135257
37317,126468.83947583947
25015,126468.83947583947
21812,24995.2744665195
24078,35837.81650135257
24283,35837.81650135257
23305,23303.006666666668
28070,30937.164705882355
22251,24995.2744665195
20031,24995.2744665195
20919,126468.83947583947
24913,24995.2744665195
22938,126468.83947583947
23404,126468.83947583947
29304,23303.006666666668
23644,35837.81650135257
20598,35837.81650135257
22854,23303.006666666668
22351,126468.83947583947
23479,126468.83947583947
1313873,126468.83947583947
22994,24995.2744665195
22644,35837.81650135257
25087,24995.2744665195
24376,126468.83947583947
22917,35837.81650135257
23474,23303.006666666668
937024,126468.83947583947
22470,24995.2744665195
14994,126468.83947583947
16623,24995.2744665195
24018,126468.83947583947
22017,35837.81650135257
22167,100113.71875
29063,23303.006666666668
1169495,126468.83947583947
22252,23303.006666666668
21699,23303.006666666668
21478,23303.006666666668
26898,44336.515625
22387,35837.81650135257
24263,35837.81650135257
23098,126468.83947583947
22916,1310669.6666666667
22698,100113.71875
25676,35837.81650135257
23301,126468.83947583947
2000923,126468.83947583947
23676,35837.81650135257
1482290,126468.83947583947
29348,23303.006666666668
21027,23303.006666666668
1002619,126468.83947583947
31020,24995.2744665195
22982,35837.81650135257
21906,25012.125
26273,30937.164705882355
30502,35837.81650135257
59555,21862.214285714286
27870,126468.83947583947
21664,35837.81650135257
23354,126468.83947583947
21612,23303.006666666668
24675,126468.83947583947
24030,24995.2744665195
21723,23303.006666666668
1521825,126468.83947583947
21738,100113.71875
14659,23303.006666666668
21702,23303.006666666668
19035,35837.81650135257
24589,126468.83947583947
22283,35837.81650135257
19402,23303.006666666668
21874,35837.81650135257
18873,35837.81650135257
29707,35837.81650135257
23096,24995.2744665195
24778,126468.83947583947
17877,126468.83947583947
24010,126468.83947583947
22692,35837.81650135257
29540,23303.006666666668
22282,24995.2744665195
14113,126468.83947583947
30984,126468.83947583947
23963,35837.81650135257
24840,23303.006666666668
16818,24995.2744665195
22292,126468.83947583947
25019,24995.2744665195
23619,35837.81650135257
25541,44336.515625
29977,35837.81650135257
22761,126468.83947583947
1484388,126468.83947583947
18741,23303.006666666668
23237,35837.81650135257
21567,24995.2744665195
25936,35837.81650135257
19250,25012.125
23215,100113.71875
24515,126468.83947583947
29681,35837.81650135257
18471,23303.006666666668
22073,126468.83947583947
25390,23303.006666666668
20402,126468.83947583947
25100,23303.006666666668
24848,23303.006666666668
23180,126468.83947583947
25596,21862.214285714286
22387,35837.81650135257
23571,23303.006666666668
23443,24995.2744665195
25015,23303.006666666668
25094,126468.83947583947
26394,35837.81650135257
30444,30937.164705882355
32400,24995.2744665195
23344,35837.81650135257
29636,35837.81650135257
22655,24995.2744665195
23071,23303.006666666668
21829,126468.83947583947
21164,126468.83947583947
23145,23303.006666666668
27700,23303.006666666668
23684,126468.83947583947
18979,25274.01818181818
19862,23303.006666666668
23381,24995.2744665195
20121,24995.2744665195
24768,24995.2744665195
23521,35837.81650135257
23341,126468.83947583947
23756,126468.83947583947
22305,35837.81650135257
22354,126468.83947583947
1097194,126468.83947583947
37494,126468.83947583947
20356,23303.006666666668
946318,946491.4666666667
22690,126468.83947583947
23814,24995.2744665195
23541,126468.83947583947
42292,126468.83947583947
31031,35837.81650135257
21529,35837.81650135257
18238,30937.164705882355
34807,35837.81650135257
20814,23303.006666666668
24660,35837.81650135257
23257,23303.006666666668
23975,24995.2744665195
21723,35837.81650135257
32696,35837.81650135257
20206,24995.2744665195
24714,35837.81650135257
23223,35837.81650135257
17301,126468.83947583947
21649,23303.006666666668
25998,24995.2744665195
21308,23303.006666666668
25119,24995.2744665195
26044,100113.71875
28433,126468.83947583947
22500,24995.2744665195
22306,23303.006666666668
22079,126468.83947583947
24638,24995.2744665195
55697,126468.83947583947
21644,126468.83947583947
22681,35837.81650135257
2008600,126468.83947583947
20952,23303.006666666668
30343,100113.71875
23531,35837.81650135257
55789,24995.2744665195
22790,35837.81650135257
24630,100113.71875
19644,23303.006666666668
22556,100113.71875
32181,21862.214285714286
25659,35837.81650135257
21779,35837.81650135257
24036,126468.83947583947
23200,126468.83947583947
20424,24995.2744665195
19978,23303.006666666668
21049,35837.81650135257
23401,24995.2744665195
27416,35837.81650135257
24000,44336.515625
24283,126468.83947583947
23212,35837.81650135257
22692,23303.006666666668
21363,23303.006666666668
21690,23303.006666666668
28616,35837.81650135257
22856,35837.81650135257
31448,23303.006666666668
22408,126468.83947583947
23043,24995.2744665195
25977,24995.2744665195
17721,126468.83947583947
24164,126468.83947583947
30167,126468.83947583947
30378,35837.81650135257
26419,22078.157894736843
20361,35837.81650135257
24145,23303.006666666668
22527,35837.81650135257
26573,35837.81650135257
20954,23303.006666666668
22456,35837.81650135257
22572,23303.006666666668
25183,100113.71875
24226,30937.164705882355
24527,126468.83947583947
18840,35837.81650135257
16246,1196527.8181818181
21470,35837.81650135257
65870,126468.83947583947
20545,23303.006666666668
33762,35837.81650135257
24188,126468.83947583947
20418,35837.81650135257
26046,25274.01818181818
28748,35837.81650135257
22033,126468.83947583947
24445,23303.006666666668
25450,126468.83947583947
22251,126468.83947583947
35210,23303.006666666668
25724,35837.81650135257
18143,121757.75714285714
874924,126468.83947583947
22444,35837.81650135257
23887,24995.2744665195
19476,23303.006666666668
21854,23303.006666666668
1180725,680685.875
22821,126468.83947583947
1524139,126468.83947583947
21699,24995.2744665195
25876,126468.83947583947
32686,121757.75714285714
25131,126468.83947583947
27831,30937.164705882355
24372,126468.83947583947
24666,126468.83947583947
23113,126468.83947583947
29393,24995.2744665195
22568,24995.2744665195
29791,35837.81650135257
22466,23303.006666666668
28890,126468.83947583947
23622,126468.83947583947
22704,126468.83947583947
24303,24995.2744665195
22991,126468.83947583947
24524,35837.81650135257
28792,35837.81650135257
26283,126468.83947583947
22497,24995.2744665195
24927,23303.006666666668
25059,126468.83947583947
1157291,1159067.7
24661,24995.2744665195
25630,23303.006666666668
23396,126468.83947583947
21395,35837.81650135257
24161,35837.81650135257
18533,126468.83947583947
23280,35837.81650135257
20473,23303.006666666668
24964,24995.2744665195
17323,126468.83947583947
17736,25012.125
19159,126468.83947583947
33931,126468.83947583947
22523,23303.006666666668
31534,121757.75714285714
22705,126468.83947583947
24616,126468.83947583947
23554,24995.2744665195
23476,24995.2744665195
24132,24995.2744665195
26827,23303.006666666668
24786,35837.81650135257
30358,24995.2744665195
26056,35837.81650135257
28765,126468.83947583947
23322,126468.83947583947
24820,126468.83947583947
24064,23303.006666666668
24501,24995.2744665195
24313,35837.81650135257
31334,35837.81650135257
24993,35837.81650135257
21402,23303.006666666668
21286,23303.006666666668
22998,126468.83947583947
24839,35837.81650135257
26440,24995.2744665195
1226386,126468.83947583947
24915,35837.81650135257
1153898,1159067.7
30514,24995.2744665195
23077,35837.81650135257
22832,126468.83947583947
21748,23303.006666666668
23409,24995.2744665195
24184,24995.2744665195
20036,35837.81650135257
32610,35837.81650135257
20767,23303.006666666668
24247,126468.83947583947
21608,24995.2744665195
25067,35837.81650135257
406256,121757.75714285714
22184,23303.006666666668
29049,126468.83947583947
1456349,1676235.0967741935
22744,23303.006666666668
36520,126468.83947583947
27610,126468.83947583947
22511,126468.83947583947
1127145,1134545.8
19693,100113.71875
22012,126468.83947583947
14489,23303.006666666668
24559,24995.2744665195
21749,35837.81650135257
29387,126468.83947583947
20015,23303.006666666668
16831,23303.006666666668
21483,35837.81650135257
21660,23303.006666666668
23761,24995.2744665195
24568,35837.81650135257
26198,23303.006666666668
24697,24995.2744665195
26520,24995.2744665195
20835,23303.006666666668
21157,23303.006666666668
24406,126468.83947583947
29317,25274.01818181818
27124,24995.2744665195
22729,23303.006666666668
20953,35837.81650135257
25055,35837.81650135257
21012,23303.006666666668
29499,35837.81650135257
23628,24995.2744665195
21275,22078.157894736843
20578,23303.006666666668
23708,24995.2744665195
25693,24995.2744665195
29104,24995.2744665195
22121,35837.81650135257
17296,126468.83947583947
24833,126468.83947583947
24586,24995.2744665195
22266,25012.125
24283,24995.2744665195
26376,24995.2744665195
21086,35837.81650135257
26302,29635.16417910448
23426,126468.83947583947
27626,35837.81650135257
52684,126468.83947583947
23057,25658.76923076923
21376,35837.81650135257
27638,24995.2744665195
26146,29635.16417910448
28829,126468.83947583947
20222,23303.006666666668
20773,23303.006666666668
26103,24995.2744665195
21894,23303.006666666668
20758,23303.006666666668
25064,35837.81650135257
21250,35837.81650135257
23687,126468.83947583947
16486,126468.83947583947
21520,23303.006666666668
19372,30937.164705882355
28275,35837.81650135257
23310,23303.006666666668
22753,35837.81650135257
27934,25012.125
22154,35837.81650135257
22164,126468.83947583947
31224,121757.75714285714
21214,35837.81650135257
22722,23303.006666666668
32015,23303.006666666668
25481,23303.006666666668
26149,24995.2744665195
28707,24995.2744665195
24640,24995.2744665195
23130,35837.81650135257
21407,126468.83947583947
24781,23303.006666666668
22298,35837.81650135257
2405113,126468.83947583947
22313,23303.006666666668
22187,35837.81650135257
22560,23303.006666666668
27306,23303.006666666668
22737,126468.83947583947
1484987,126468.83947583947
21470,126468.83947583947
22582,35837.81650135257
22109,126468.83947583947
15073,126468.83947583947
22684,35837.81650135257
20301,23303.006666666668
1520985,126468.83947583947
25340,24995.2744665195
30038,126468.83947583947
23830,126468.83947583947
22563,35837.81650135257
28871,126468.83947583947
1621361,126468.83947583947
20496,23303.006666666668
22900,35837.81650135257
17896,126468.83947583947
22704,23303.006666666668
23251,23303.006666666668
29598,24995.2744665195
29455,23303.006666666668
22714,126468.83947583947
22882,35837.81650135257
19511,126468.83947583947
22270,24995.2744665195
21877,23303.006666666668
30231,23303.006666666668
23082,23303.006666666668
25774,35837.81650135257
21301,23303.006666666668
31584,24995.2744665195
24181,24995.2744665195
20510,23303.006666666668
21478,23303.006666666668
29300,126468.83947583947
3037323,3041316.5714285714
24754,24995.2744665195
23442,23303.006666666668
30345,24995.2744665195
21532,1310669.6666666667
24575,21862.214285714286
20898,23303.006666666668
18951,121757.75714285714
21226,23303.006666666668
21503,24995.2744665195
35309,24995.2744665195
2394053,1660703.125
28273,126468.83947583947
30121,35837.81650135257
24224,24995.2744665195
19925,35837.81650135257
25230,35837.81650135257
34655,126468.83947583947
32449,23303.006666666668
22534,35837.81650135257
21635,23303.006666666668
22449,35837.81650135257
28228,35837.81650135257
18027,25012.125
25453,126468.83947583947
21766,23303.006666666668
34650,126468.83947583947
22735,23303.006666666668
25268,126468.83947583947
25826,24995.2744665195
24816,23303.006666666668
21837,946491.4666666667
22226,24995.2744665195
22745,35837.81650135257
24093,100113.71875
24010,24995.2744665195
1154906,1159067.7
19932,24995.2744665195
21798,25274.01818181818
20967,35837.81650135257
35864,35837.81650135257
19325,35837.81650135257
30528,35837.81650135257
27454,35837.81650135257
20752,23303.006666666668
1160946,1159067.7
23691,35837.81650135257
24432,24995.2744665195
20855,23303.006666666668
27286,126468.83947583947
24107,35837.81650135257
22205,35837.81650135257
24497,24995.2744665195
23971,35837.81650135257
23936,24995.2744665195
25434,23303.006666666668
25112,30937.164705882355
22054,24995.2744665195
23824,23303.006666666668
21805,126468.83947583947
22005,23303.006666666668
71178,30937.164705882355
18798,35837.81650135257
19911,126468.83947583947
30331,126468.83947583947
21378,23303.006666666668
19330,126468.83947583947
20988,23303.006666666668
25027,24995.2744665195
24775,24995.2744665195
18373,126468.83947583947
21168,23303.006666666668
22781,35837.81650135257
28651,35837.81650135257
18590,100113.71875
34970,24995.2744665195
16393,121757.75714285714
27619,23303.006666666668
2070250,1676235.0967741935
24629,126468.83947583947
23167,23303.006666666668
22616,35837.81650135257
20768,23303.006666666668
27241,24995.2744665195
26423,24995.2744665195
28450,35837.81650135257
20767,23303.006666666668
23493,24995.2744665195
20662,23303.006666666668
30278,24995.2744665195
20193,126468.83947583947
22581,23303.006666666668
22261,23303.006666666668
22165,126468.83947583947
29395,126468.83947583947
23099,23303.006666666668
34901,1310669.6666666667
20118,35837.81650135257
20905,25274.01818181818
20733,126468.83947583947
24760,126468.83947583947
17946,121757.75714285714
22865,126468.83947583947
26615,23303.006666666668
24778,100113.71875
21750,35837.81650135257
20900,23303.006666666668
21201,23303.006666666668
24757,126468.83947583947
23789,126468.83947583947
20650,23303.006666666668
23579,23303.006666666668
22915,23303.006666666668
21485,24995.2744665195
17594,126468.83947583947
23591,126468.83947583947
23239,35837.81650135257
23364,126468.83947583947
21268,126468.83947583947
23814,126468.83947583947
23865,126468.83947583947
21091,25274.01818181818
24192,100113.71875
31313,35837.81650135257
28815,126468.83947583947
24125,126468.83947583947
19868,24995.2744665195
24521,21862.214285714286
1290227,1310669.6666666667
23314,35837.81650135257
23275,23303.006666666668
21944,23303.006666666668
21804,35837.81650135257
32317,126468.83947583947
18810,23303.006666666668
16227,126468.83947583947
24465,30937.164705882355
26420,24995.2744665195
21591,35837.81650135257
20331,23303.006666666668
20426,23303.006666666668
21505,24995.2744665195
22124,35837.81650135257
24151,35837.81650135257
20828,35837.81650135257
29841,100113.71875
24855,126468.83947583947
23537,126468.83947583947
29191,126468.83947583947
23237,24995.2744665195
19380,23303.006666666668
24341,126468.83947583947
21825,35837.81650135257
23119,126468.83947583947
23333,126468.83947583947
23633,100113.71875
22054,35837.81650135257
29653,126468.83947583947
21632,23303.006666666668
2011266,126468.83947583947
24057,23303.006666666668
22601,100113.71875
21587,126468.83947583947
23946,35837.81650135257
21525,44336.515625
31040,24995.2744665195
38891,35837.81650135257
22094,23303.006666666668
26325,24995.2744665195
23042,126468.83947583947
18868,126468.83947583947
22124,35837.81650135257
24525,35837.81650135257
23564,100113.71875
22124,35837.81650135257
18308,126468.83947583947
19923,126468.83947583947
24212,24995.2744665195
22006,126468.83947583947
23935,35837.81650135257
27365,35837.81650135257
23562,35837.81650135257
19732,35837.81650135257
22482,35837.81650135257
40507,44336.515625
22349,23303.006666666668
26553,25012.125
21287,44336.515625
26798,126468.83947583947
25046,23303.006666666668
22812,24995.2744665195
21705,23303.006666666668
22631,126468.83947583947
29942,126468.83947583947
21821,23303.006666666668
38267,1676235.0967741935
27172,35837.81650135257
29061,35837.81650135257
19196,23303.006666666668
22743,23303.006666666668
23821,24995.2744665195
24159,23303.006666666668
22273,24995.2744665195
20982,23303.006666666668
24810,35837.81650135257
23796,35837.81650135257
32456,35837.81650135257
23586,35837.81650135257
23882,24995.2744665195
22472,23303.006666666668
1523223,126468.83947583947
50143,121757.75714285714
23650,126468.83947583947
29316,126468.83947583947
21444,23303.006666666668
22963,35837.81650135257
24428,35837.81650135257
23287,126468.83947583947
17434,35837.81650135257
21958,35837.81650135257
23705,100113.71875
19743,23303.006666666668
25131,100113.71875
2066994,1676235.0967741935
22240,126468.83947583947
26499,24995.2744665195
23173,23303.006666666668
23418,24995.2744665195
27069,126468.83947583947
24375,100113.71875
18855,25012.125
31768,23303.006666666668
24608,35837.81650135257
22242,126468.83947583947
28970,126468.83947583947
22577,23303.006666666668
29996,35837.81650135257
30842,35837.81650135257
22575,24995.2744665195
19360,23303.006666666668
20615,23303.006666666668
22822,126468.83947583947
25075,35837.81650135257
22138,35837.81650135257
22388,126468.83947583947
30666,126468.83947583947
21040,23303.006666666668
30355,24995.2744665195
1869055,126468.83947583947
22444,35837.81650135257
22803,24995.2744665195
24574,24995.2744665195
21543,126468.83947583947
21262,23303.006666666668
32122,23303.006666666668
25110,23303.006666666668
28770,126468.83947583947
30102,35837.81650135257
29551,100113.71875
24418,126468.83947583947
28655,35837.81650135257
24617,126468.83947583947
24497,23303.006666666668
24980,23303.006666666668
24192,23303.006666666668
28481,35837.81650135257
21058,35837.81650135257
25423,35837.81650135257
24011,35837.81650135257
23092,23303.006666666668
27131,35837.81650135257
17255,44336.515625
22612,24995.2744665195
22956,126468.83947583947
20561,126468.83947583947
27122,126468.83947583947
27056,121757.75714285714
24281,126468.83947583947
23460,35837.81650135257
21680,23303.006666666668
30545,24995.2744665195
1164529,1159067.7
24143,23303.006666666668
24610,100113.71875
726783,126468.83947583947
24332,126468.83947583947
22820,35837.81650135257
29732,24995.2744665195
15054,126468.83947583947
24518,35837.81650135257
27874,126468.83947583947
30659,35837.81650135257
24520,23303.006666666668
23731,35837.81650135257
21343,23303.006666666668
38887,23303.006666666668
16546,126468.83947583947
36524,35837.81650135257
17320,126468.83947583947
23725,35837.81650135257
21199,23303.006666666668
22575,35837.81650135257
19607,126468.83947583947
1422094,35837.81650135257
17657,121757.75714285714
21977,35837.81650135257
22864,35837.81650135257
31207,24995.2744665195
22246,24995.2744665195
23143,23303.006666666668
21385,126468.83947583947
20413,35837.81650135257
22538,35837.81650135257
20731,35837.81650135257
23701,24995.2744665195
22394,23303.006666666668
27680,126468.83947583947
21150,35837.81650135257
21378,23303.006666666668
28417,35837.81650135257
21141,35837.81650135257
24663,35837.81650135257
23090,35837.81650135257
29516,24995.2744665195
22417,23303.006666666668
30733,24995.2744665195
21180,23303.006666666668
30422,126468.83947583947
31320,35837.81650135257
29023,35837.81650135257
34722,126468.83947583947
23605,100113.71875
27226,35837.81650135257
14538,23303.006666666668
24228,35837.81650135257
24797,35837.81650135257
21638,126468.83947583947
34697,24995.2744665195
29134,31944.35714285714
28659,126468.83947583947
28432,126468.83947583947
22026,35837.81650135257
19668,25274.01818181818
30228,35837.81650135257
21411,23303.006666666668
24779,35837.81650135257
22533,23303.006666666668
23532,35837.81650135257
20782,23303.006666666668
22696,126468.83947583947
1315645,25658.76923076923
24449,35837.81650135257
27128,126468.83947583947
39208,23303.006666666668
22499,35837.81650135257
48861,24995.2744665195
22444,23303.006666666668
22821,23303.006666666668
25367,24995.2744665195
35100,44336.515625
22498,24995.2744665195
23000,100113.71875
31682,126468.83947583947
24547,24995.2744665195
22357,35837.81650135257
22745,126468.83947583947
24236,126468.83947583947
25234,126468.83947583947
23714,24995.2744665195
23666,35837.81650135257
25125,126468.83947583947
24620,23303.006666666668
22977,24995.2744665195
33074,24995.2744665195
24885,126468.83947583947
30836,126468.83947583947
1452527,1676235.0967741935
24304,126468.83947583947
3046888,3056738.6666666665
22551,24995.2744665195
29360,35837.81650135257
15684,23303.006666666668
29282,126468.83947583947
18007,126468.83947583947
23346,24995.2744665195
22661,126468.83947583947
20639,23303.006666666668
24395,35837.81650135257
22815,126468.83947583947
21171,23303.006666666668
25714,100113.71875
22856,23303.006666666668
23776,24995.2744665195
20218,23303.006666666668
22304,24995.2744665195
25495,24995.2744665195
23077,24995.2744665195
22934,35837.81650135257
22022,35837.81650135257
24009,35837.81650135257
1402632,1196527.8181818181
22086,35837.81650135257
22054,126468.83947583947
25980,24995.2744665195
24434,23303.006666666668
23782,23303.006666666668
22518,24995.2744665195
27380,126468.83947583947
21981,23303.006666666668
20118,126468.83947583947
1483818,126468.83947583947
19857,126468.83947583947
22591,35837.81650135257
21520,23303.006666666668
29676,24995.2744665195
25862,35837.81650135257
20515,23303.006666666668
24828,35837.81650135257
24199,35837.81650135257
30197,24995.2744665195
35509,35837.81650135257
34086,24995.2744665195
23966,126468.83947583947
28044,35837.81650135257
20352,23303.006666666668
22526,24995.2744665195
28759,126468.83947583947
19718,126468.83947583947
20769,23303.006666666668
31422,126468.83947583947
22999,35837.81650135257
1410984,1196527.8181818181
21574,23303.006666666668
23144,23303.006666666668
25215,23303.006666666668
24212,35837.81650135257
22095,126468.83947583947
24107,35837.81650135257
22330,35837.81650135257
24448,23303.006666666668
20949,23303.006666666668
23000,23303.006666666668
26399,44336.515625
20474,23303.006666666668
39345,24995.2744665195
21619,24995.2744665195
21355,126468.83947583947
32309,23303.006666666668
22662,24995.2744665195
23035,126468.83947583947
21583,25274.01818181818
23593,35837.81650135257
23892,35837.81650135257
23869,23303.006666666668
21650,35837.81650135257
21017,23303.006666666668
31539,23303.006666666668
22079,946491.4666666667
24510,23303.006666666668
22989,100113.71875
23609,24995.2744665195
23681,126468.83947583947
29784,100113.71875
19954,35837.81650135257
18519,35837.81650135257
23284,126468.83947583947
26587,121757.75714285714
23156,35837.81650135257
25693,24995.2744665195
28233,35837.81650135257
22817,35837.81650135257
63280,126468.83947583947
23827,35837.81650135257
31939,35837.81650135257
26479,24995.2744665195
21519,35837.81650135257
24723,24995.2744665195
26410,23303.006666666668
24445,24995.2744665195
28909,29635.16417910448
23186,35837.81650135257
23330,24995.2744665195
26515,23303.006666666668
25397,29635.16417910448
29254,35837.81650135257
24665,126468.83947583947
30299,126468.83947583947
21489,126468.83947583947
23229,35837.81650135257
45049,35837.81650135257
38489,1196527.8181818181
26440,35837.81650135257
32407,23303.006666666668
24398,126468.83947583947
22091,35837.81650135257
25896,23303.006666666668
24310,35837.81650135257
21814,126468.83947583947
22017,23303.006666666668
22588,126468.83947583947
24511,126468.83947583947
22505,126468.83947583947
22303,23303.006666666668
37122,126468.83947583947
22764,35837.81650135257
21866,35837.81650135257
22966,35837.81650135257
22925,35837.81650135257
21617,35837.81650135257
24137,126468.83947583947
23159,126468.83947583947
23090,35837.81650135257
23133,35837.81650135257
21442,23303.006666666668
34601,23303.006666666668
36560,126468.83947583947
17935,126468.83947583947
40488,30937.164705882355
22285,23303.006666666668
23620,126468.83947583947
30338,23303.006666666668
24302,35837.81650135257
25352,35837.81650135257
23637,35837.81650135257
20519,35837.81650135257
20522,23303.006666666668
20576,25012.125
25845,30937.164705882355
21645,23303.006666666668
21083,100113.71875
23362,35837.81650135257
28658,126468.83947583947
32715,121757.75714285714
26474,35837.81650135257
23254,24995.2744665195
24033,126468.83947583947
27452,25012.125
21733,23303.006666666668
34329,23303.006666666668
22262,126468.83947583947
21823,126468.83947583947
28984,35837.81650135257
22935,24995.2744665195
19050,24995.2744665195
3069017,3041316.5714285714
22872,100113.71875
30054,35837.81650135257
23158,126468.83947583947
22832,126468.83947583947
21372,24995.2744665195
23154,44336.515625
30427,126468.83947583947
22311,126468.83947583947
18270,24995.2744665195
22585,35837.81650135257
24842,24995.2744665195
1584007,121757.75714285714
25147,100113.71875
23686,35837.81650135257
38297,126468.83947583947
19176,126468.83947583947
25179,126468.83947583947
25098,23303.006666666668
27231,35837.81650135257
22559,24995.2744665195
23027,23303.006666666668
24814,126468.83947583947
22849,24995.2744665195
20460,23303.006666666668
22561,35837.81650135257
22994,24995.2744665195
21399,23303.006666666668
20344,23303.006666666668
25846,24995.2744665195
24487,35837.81650135257
30103,35837.81650135257
23414,126468.83947583947
23151,23303.006666666668
20872,23303.006666666668
17828,126468.83947583947
21689,23303.006666666668
23051,24995.2744665195
21708,23303.006666666668
23160,23303.006666666668
23926,24995.2744665195
23983,35837.81650135257
33433,35837.81650135257
23582,35837.81650135257
33207,44336.515625
30421,24995.2744665195
21117,126468.83947583947
20800,23303.006666666668
21449,35837.81650135257
22154,24995.2744665195
24719,35837.81650135257
20990,23303.006666666668
30654,35837.81650135257
27285,25012.125
20976,23303.006666666668
24737,25274.01818181818
17367,24995.2744665195
1586793,1660703.125
24946,25274.01818181818
23128,24995.2744665195
25672,126468.83947583947
22361,126468.83947583947
28905,35837.81650135257
18577,24995.2744665195
24841,24995.2744665195
23949,126468.83947583947
23994,35837.81650135257
21344,126468.83947583947
25374,24995.2744665195
30227,126468.83947583947
21424,23303.006666666668
18479,35837.81650135257
23288,24995.2744665195
30084,24995.2744665195
22269,35837.81650135257
18163,126468.83947583947
24282,35837.81650135257
21639,23303.006666666668
23951,35837.81650135257
27715,21862.214285714286
1491384,126468.83947583947
1100644,126468.83947583947
22781,35837.81650135257
21101,23303.006666666668
25367,35837.81650135257
23676,23303.006666666668
19969,23303.006666666668
27710,24995.2744665195
26573,1676235.0967741935
29676,24995.2744665195
21740,35837.81650135257
22958,23303.006666666668
23449,23303.006666666668
22614,23303.006666666668
25060,24995.2744665195
22614,35837.81650135257
26187,126468.83947583947
22994,23303.006666666668
18708,23303.006666666668
37855,35837.81650135257
22867,126468.83947583947
22748,35837.81650135257
22704,35837.81650135257
23477,25658.76923076923
30381,126468.83947583947
20707,35837.81650135257
23780,23303.006666666668
23342,126468.83947583947
25050,24995.2744665195
22781,35837.81650135257
45700,126468.83947583947
28875,35837.81650135257
21350,23303.006666666668
21979,23303.006666666668
25046,35837.81650135257
21954,35837.81650135257
24576,24995.2744665195
22272,23303.006666666668
22893,23303.006666666668
34711,126468.83947583947
25621,126468.83947583947
21845,23303.006666666668
22877,23303.006666666668
25277,24995.2744665195
24516,35837.81650135257
23084,35837.81650135257
24520,23303.006666666668
22235,23303.006666666668
22722,126468.83947583947
29868,35837.81650135257
22419,23303.006666666668
21432,126468.83947583947
22422,24995.2744665195
19430,30937.164705882355
23806,24995.2744665195
23130,23303.006666666668
19455,23303.006666666668
26269,25274.01818181818
26729,126468.83947583947
1157042,1162986.6666666667
22099,100113.71875
24216,23303.006666666668
31336,126468.83947583947
28869,35837.81650135257
25069,126468.83947583947
25311,24995.2744665195
20130,23303.006666666668
25472,100113.71875
20521,23303.006666666668
23660,126468.83947583947
51052,35837.81650135257
24768,35837.81650135257
20267,23303.006666666668
23735,126468.83947583947
42815,30937.164705882355
26512,35837.81650135257
1524989,126468.83947583947
22033,126468.83947583947
27095,24995.2744665195
31842,35837.81650135257
29401,126468.83947583947
22136,23303.006666666668
30497,23303.006666666668
24715,23303.006666666668
26903,25012.125
23208,126468.83947583947
25290,35837.81650135257
22645,24995.2744665195
21289,126468.83947583947
1408154,1196527.8181818181
30546,126468.83947583947
24423,126468.83947583947
25340,100113.71875
20781,23303.006666666668
30682,126468.83947583947
28211,43550.0
28854,126468.83947583947
25723,24995.2744665195
23553,24995.2744665195
19567,126468.83947583947
23800,24995.2744665195
21596,23303.006666666668
1581158,126468.83947583947
19887,23303.006666666668
20547,25274.01818181818
1581238,1660703.125
21095,35837.81650135257
22286,24995.2744665195
29952,24995.2744665195
24266,126468.83947583947
22709,35837.81650135257
33583,30937.164705882355
24578,126468.83947583947
30326,25012.125
24874,35837.81650135257
24151,24995.2744665195
24948,35837.81650135257
24754,21862.214285714286
23783,35837.81650135257
21490,23303.006666666668
27489,126468.83947583947
21867,126468.83947583947
20625,23303.006666666668
19861,35837.81650135257
22770,23303.006666666668
30916,126468.83947583947
21206,126468.83947583947
22461,35837.81650135257
21405,35837.81650135257
22886,23303.006666666668
22031,35837.81650135257
20908,23303.006666666668
40144,25658.76923076923
24645,126468.83947583947
20879,126468.83947583947
23831,24995.2744665195
21471,23303.006666666668
30532,126468.83947583947
23677,24995.2744665195
23756,23303.006666666668
25911,23303.006666666668
22449,24995.2744665195
19268,126468.83947583947
19449,23303.006666666668
23214,35837.81650135257
17374,126468.83947583947
21970,24995.2744665195
25259,23303.006666666668
28834,35837.81650135257
20818,23303.006666666668
24733,24995.2744665195
29770,35837.81650135257
29803,35837.81650135257
33706,35837.81650135257
22441,23303.006666666668
24094,23303.006666666668
17771,126468.83947583947
22728,126468.83947583947
22058,126468.83947583947
1000664,126468.83947583947
30143,126468.83947583947
16579,21862.214285714286
24745,126468.83947583947
33077,30937.164705882355
20575,23303.006666666668
19034,100113.71875
20246,23303.006666666668
32277,126468.83947583947
22623,24995.2744665195
24369,126468.83947583947
24375,23303.006666666668
68357,31944.35714285714
28381,126468.83947583947
21206,126468.83947583947
24335,35837.81650135257
40734,44336.515625
36856,23303.006666666668
24105,126468.83947583947
22303,23303.006666666668
24232,126468.83947583947
27851,24995.2744665195
23735,126468.83947583947
21900,25274.01818181818
18572,126468.83947583947
28733,24995.2744665195
37116,24995.2744665195
23361,35837.81650135257
23351,35837.81650135257
29698,35837.81650135257
20184,23303.006666666668
30499,23303.006666666668
16444,24995.2744665195
22689,100113.71875
23266,35837.81650135257
37446,35837.81650135257
13914,25274.01818181818
23327,24995.2744665195
22974,35837.81650135257
21740,126468.83947583947
36517,23303.006666666668
23592,25274.01818181818
998546,126468.83947583947
1218200,126468.83947583947
21643,23303.006666666668
22876,100113.71875
22666,23303.006666666668
20753,25274.01818181818
22646,35837.81650135257
29436,29635.16417910448
21137,23303.006666666668
19547,126468.83947583947
23429,23303.006666666668
22531,126468.83947583947
30710,1310669.6666666667
22266,22078.157894736843
22174,126468.83947583947
23383,24995.2744665195
24433,126468.83947583947
22438,35837.81650135257
31256,30937.164705882355
21638,23303.006666666668
30038,35837.81650135257
22618,35837.81650135257
739342,126468.83947583947
29981,100113.71875
22790,126468.83947583947
22276,35837.81650135257
22175,35837.81650135257
22354,35837.81650135257
23844,126468.83947583947
20818,23303.006666666668
25020,126468.83947583947
25318,24995.2744665195
21353,22078.157894736843
23280,23303.006666666668
29253,126468.83947583947
22754,35837.81650135257
26174,35837.81650135257
22732,126468.83947583947
22428,23303.006666666668
29337,35837.81650135257
28948,126468.83947583947
24872,35837.81650135257
19930,23303.006666666668
23736,24995.2744665195
22030,35837.81650135257
20115,23303.006666666668
48938,121757.75714285714
22690,126468.83947583947
23139,23303.006666666668
29200,126468.83947583947
24674,23303.006666666668
18153,35837.81650135257
22820,35837.81650135257
1482048,126468.83947583947
22855,100113.71875
23353,23303.006666666668
22892,24995.2744665195
22001,23303.006666666668
22851,23303.006666666668
26734,35837.81650135257
21074,126468.83947583947
22860,35837.81650135257
23102,23303.006666666668
25267,35837.81650135257
22303,23303.006666666668
20534,23303.006666666668
25192,24995.2744665195
23580,35837.81650135257
19611,23303.006666666668
19785,23303.006666666668
29482,35837.81650135257
21019,23303.006666666668
27326,35837.81650135257
20471,23303.006666666668
13201,23303.006666666668
22349,23303.006666666668
23660,35837.81650135257
52821,24995.2744665195
28747,126468.83947583947
32374,100113.71875
22896,126468.83947583947
24375,126468.83947583947
21814,35837.81650135257
22385,23303.006666666668
30272,24995.2744665195
1312704,126468.83947583947
25274,23303.006666666668
22874,23303.006666666668
25225,23303.006666666668
23475,35837.81650135257
25384,126468.83947583947
23221,23303.006666666668
24308,126468.83947583947
28561,35837.81650135257
26430,35837.81650135257
23283,100113.71875
29370,23303.006666666668
16764,126468.83947583947
22602,23303.006666666668
26910,126468.83947583947
29602,35837.81650135257
23232,24995.2744665195
22773,23303.006666666668
25117,23303.006666666668
24708,35837.81650135257
22575,23303.006666666668
21364,23303.006666666668
20805,23303.006666666668
15119,126468.83947583947
25033,126468.83947583947
17235,21862.214285714286
21032,23303.006666666668
26206,100113.71875
39686,121757.75714285714
23910,126468.83947583947
24460,29635.16417910448
25583,100113.71875
25929,30937.164705882355
24884,24995.2744665195
24993,23303.006666666668
23623,23303.006666666668
22895,23303.006666666668
30096,24995.2744665195
26109,126468.83947583947
19163,35837.81650135257
22413,23303.006666666668
23314,126468.83947583947
25573,24995.2744665195
24408,24995.2744665195
30081,35837.81650135257
28140,126468.83947583947
24020,35837.81650135257
51684,23303.006666666668
22338,35837.81650135257
25671,44336.515625
23550,30937.164705882355
23362,35837.81650135257
2002544,126468.83947583947
21795,23303.006666666668
23150,35837.81650135257
24801,126468.83947583947
14945,126468.83947583947
21010,25274.01818181818
1082140,946491.4666666667
17800,126468.83947583947
23138,24995.2744665195
24408,126468.83947583947
18700,126468.83947583947
21957,35837.81650135257
23049,126468.83947583947
22604,24995.2744665195
24272,23303.006666666668
28974,24995.2744665195
20809,126468.83947583947
21289,35837.81650135257
23987,100113.71875
24002,126468.83947583947
26040,23303.006666666668
16224,126468.83947583947
1580696,1660703.125
29726,126468.83947583947
21928,23303.006666666668
30972,126468.83947583947
21515,35837.81650135257
25736,24995.2744665195
19233,100113.71875
30397,35837.81650135257
22415,35837.81650135257
21567,35837.81650135257
22749,35837.81650135257
14943,126468.83947583947
56083,126468.83947583947
30290,23303.006666666668
20969,35837.81650135257
24305,24995.2744665195
22732,24995.2744665195
23997,24995.2744665195
21550,23303.006666666668
20096,126468.83947583947
16427,24995.2744665195
24758,24995.2744665195
22526,23303.006666666668
29794,35837.81650135257
29687,23303.006666666668
22756,126468.83947583947
25896,24995.2744665195
25698,35837.81650135257
39917,23303.006666666668
1574827,126468.83947583947
24985,126468.83947583947
21889,126468.83947583947
15033,126468.83947583947
23515,126468.83947583947
25798,35837.81650135257
25087,23303.006666666668
22466,100113.71875
25206,35837.81650135257
23732,24995.2744665195
29066,946491.4666666667
21374,23303.006666666668
21012,23303.006666666668
26764,35837.81650135257
27211,35837.81650135257
17968,23303.006666666668
26087,30937.164705882355
23728,35837.81650135257
27725,35837.81650135257
23227,23303.006666666668
30006,24995.2744665195
25592,126468.83947583947
24107,35837.81650135257
21919,126468.83947583947
22279,23303.006666666668
33895,44336.515625
31006,44336.515625
26164,23303.006666666668
25300,126468.83947583947
22100,126468.83947583947
21397,126468.83947583947
21861,35837.81650135257
28709,126468.83947583947
25242,24995.2744665195
23263,23303.006666666668
23343,24995.2744665195
21638,23303.006666666668
23613,126468.83947583947
23279,35837.81650135257
43576,126468.83947583947
27949,24995.2744665195
30572,35837.81650135257
22679,100113.71875
20469,126468.83947583947
30149,35837.81650135257
24256,126468.83947583947
24552,35837.81650135257
21906,23303.006666666668
22176,126468.83947583947
28836,126468.83947583947
29987,24995.2744665195
21532,35837.81650135257
21077,23303.006666666668
26881,30937.164705882355
29384,35837.81650135257
24148,35837.81650135257
21599,23303.006666666668
19638,23303.006666666668
40497,35837.81650135257
20521,23303.006666666668
23152,126468.83947583947
22530,126468.83947583947
21921,126468.83947583947
24336,35837.81650135257
30045,126468.83947583947
22980,100113.71875
29373,126468.83947583947
24060,23303.006666666668
24934,100113.71875
22277,35837.81650135257
23892,24995.2744665195
22496,23303.006666666668
20394,23303.006666666668
31860,35837.81650135257
1006407,35837.81650135257
24097,126468.83947583947
18382,126468.83947583947
22114,23303.006666666668
21182,23303.006666666668
24445,126468.83947583947
407673,121757.75714285714
24082,126468.83947583947
18979,126468.83947583947
21628,24995.2744665195
23343,23303.006666666668
28746,126468.83947583947
18758,24995.2744665195
23470,35837.81650135257
24332,23303.006666666668
24488,24995.2744665195
22488,24995.2744665195
23093,23303.006666666668
21370,24995.2744665195
23197,24995.2744665195
23338,126468.83947583947
21650,126468.83947583947
29115,35837.81650135257
23215,35837.81650135257
24381,24995.2744665195
21910,35837.81650135257
27750,126468.83947583947
22260,25274.01818181818
27162,35837.81650135257
17770,25012.125
21472,23303.006666666668
24072,100113.71875
22243,100113.71875
2434653,126468.83947583947
20570,23303.006666666668
23497,35837.81650135257
24439,126468.83947583947
23338,24995.2744665195
